{
  "project_info": {
    "project_number": "237490299746",
    "project_id": "sportbettingproject-3344f",
    "storage_bucket": "sportbettingproject-3344f.appspot.com"
  },
  "client": [
    {
      "client_info": {
        "mobilesdk_app_id": "1:237490299746:android:6655e7e2acc25a3f5cc23b",
        "android_client_info": {
          "package_name": "com.org.liveline"
        }
      },
      "oauth_client": [
        {
          "client_id": "237490299746-r1srt7ti31inqfsf9hvs5u9rqdua90iv.apps.googleusercontent.com",
          "client_type": 1,
          "android_info": {
            "package_name": "com.org.liveline",
            "certificate_hash": "edbbf6ea35e12b83ae0f758c3be9188ca6bfe2d2"
          }
        },
        {
          "client_id": "237490299746-7gsdbvp5alkqiuge43qae5v060lp769l.apps.googleusercontent.com",
          "client_type": 3
        }
      ],
      "api_key": [
        {
          "current_key": "AIzaSyBQFmQQFhZUqYpeFhn_4_bSSOBcEmFBAgw"
        }
      ],
      "services": {
        "appinvite_service": {
          "other_platform_oauth_client": [
            {
              "client_id": "237490299746-7gsdbvp5alkqiuge43qae5v060lp769l.apps.googleusercontent.com",
              "client_type": 3
            }
          ]
        }
      }
    },
    {
      "client_info": {
        "mobilesdk_app_id": "1:237490299746:android:81b69c05d1af21c85cc23b",
        "android_client_info": {
          "package_name": "com.sportbetting"
        }
      },
      "oauth_client": [
        {
          "client_id": "237490299746-i8fplmu68ebuh64f1hgigs5f5fo4jr16.apps.googleusercontent.com",
          "client_type": 1,
          "android_info": {
            "package_name": "com.sportbetting",
            "certificate_hash": "b7b645218ae62c62b4bc46b90675fdc09ac744b0"
          }
        },
        {
          "client_id": "237490299746-7gsdbvp5alkqiuge43qae5v060lp769l.apps.googleusercontent.com",
          "client_type": 3
        }
      ],
      "api_key": [
        {
          "current_key": "AIzaSyBQFmQQFhZUqYpeFhn_4_bSSOBcEmFBAgw"
        }
      ],
      "services": {
        "appinvite_service": {
          "other_platform_oauth_client": [
            {
              "client_id": "237490299746-7gsdbvp5alkqiuge43qae5v060lp769l.apps.googleusercontent.com",
              "client_type": 3
            }
          ]
        }
      }
    }
  ],
  "configuration_version": "1"
}